{"stats":{"minecraft:killed":{"minecraft:sheep":1,"hamsters:hamster":1,"minecraft:zombie":1,"minecraft:warden":2,"minecraft:zombie_villager":1,"minecraft:cow":3},"minecraft:picked_up":{"minecraft:leather":2,"minecraft:beef":1,"minecraft:mutton":2,"minecraft:white_wool":1,"minecraft:sculk_catalyst":2},"minecraft:custom":{"minecraft:open_chest":1,"minecraft:time_since_rest":19003,"minecraft:crouch_one_cm":1129,"minecraft:play_time":19003,"minecraft:sprint_one_cm":28487,"minecraft:walk_one_cm":22979,"minecraft:sneak_time":1618,"minecraft:walk_under_water_one_cm":7001,"minecraft:mob_kills":9,"minecraft:jump":224,"minecraft:interact_with_brewingstand":1,"minecraft:damage_dealt":120,"minecraft:leave_game":2,"minecraft:time_since_death":19003,"minecraft:walk_on_water_one_cm":2414,"minecraft:climb_one_cm":1820,"minecraft:total_world_time":19003,"minecraft:fall_one_cm":1254,"minecraft:fly_one_cm":564697},"minecraft:used":{"minecraft:warden_spawn_egg":2,"minecraft:white_wool":1,"easy_npc:cat_spawn_egg":1,"easy_npc:zombie_villager_spawn_egg":1,"hamsters:hamster":1,"easy_npc:orc_warrior_spawn_egg":1}},"DataVersion":3465}