{"stats":{"minecraft:killed":{"minecraft:sheep":1},"minecraft:picked_up":{"minecraft:mutton":2,"minecraft:white_wool":1},"minecraft:custom":{"minecraft:jump":24,"minecraft:time_since_rest":3922,"minecraft:damage_dealt":80,"minecraft:sprint_one_cm":1949,"minecraft:leave_game":1,"minecraft:play_time":3922,"minecraft:time_since_death":3922,"minecraft:walk_one_cm":2084,"minecraft:sneak_time":140,"minecraft:total_world_time":3922,"minecraft:mob_kills":1,"minecraft:fall_one_cm":1254,"minecraft:fly_one_cm":177036}},"DataVersion":3465}