{
  "morevillagers:root": {
    "criteria": {
      "always": "2024-07-04 17:47:59 +0000"
    },
    "done": true
  },
  "minecraft:recipes/decorations/crafting_table": {
    "criteria": {
      "unlock_right_away": "2024-07-04 17:47:59 +0000"
    },
    "done": true
  },
  "biomesoplenty:biomesoplenty/root": {
    "criteria": {
      "bayou": "2024-07-04 17:48:31 +0000"
    },
    "done": true
  },
  "bakery:main/root": {
    "criteria": {
      "seeds": "2024-07-04 17:47:58 +0000"
    },
    "done": true
  },
  "biomesoplenty:biomesoplenty/all_biomes": {
    "criteria": {
      "bayou": "2024-07-04 17:48:31 +0000",
      "floodplain": "2024-07-04 17:49:30 +0000",
      "marsh": "2024-07-04 17:48:36 +0000",
      "rocky_rainforest": "2024-07-04 17:49:57 +0000",
      "rainforest": "2024-07-04 17:50:52 +0000",
      "crag": "2024-07-04 17:49:52 +0000"
    },
    "done": false
  },
  "vinery:main/root": {
    "criteria": {
      "seeds": "2024-07-04 17:47:58 +0000"
    },
    "done": true
  },
  "farmersdelight:main/root": {
    "criteria": {
      "seeds": "2024-07-04 17:47:58 +0000"
    },
    "done": true
  },
  "brewery:main/root": {
    "criteria": {
      "seeds": "2024-07-04 17:47:58 +0000"
    },
    "done": true
  },
  "minecraft:adventure/adventuring_time": {
    "criteria": {
      "minecraft:bamboo_jungle": "2024-07-04 17:49:54 +0000",
      "minecraft:beach": "2024-07-04 17:47:59 +0000",
      "minecraft:mangrove_swamp": "2024-07-04 17:49:33 +0000",
      "minecraft:river": "2024-07-04 17:48:58 +0000",
      "minecraft:swamp": "2024-07-04 17:48:26 +0000",
      "minecraft:forest": "2024-07-04 17:48:56 +0000",
      "minecraft:jungle": "2024-07-04 17:50:16 +0000",
      "minecraft:plains": "2024-07-04 17:48:24 +0000"
    },
    "done": false
  },
  "DataVersion": 3465
}